resume,job,label
flask excel machine learning api,flask excel machine learning,1
statistics pandas numpy sql,statistics pandas numpy,1
python excel statistics data analysis,python excel statistics,1
dsa numpy excel python,dsa numpy excel,1
data analysis power bi statistics dsa,data analysis power bi statistics,1
data analysis dsa api statistics,data analysis dsa api,1
numpy statistics matplotlib python,numpy statistics matplotlib,1
matplotlib statistics api pandas,matplotlib statistics api,1
machine learning statistics data analysis api,machine learning statistics data analysis,1
sql dsa numpy statistics,sql dsa numpy,1
machine learning power bi pandas excel,machine learning power bi pandas,1
dsa data analysis statistics matplotlib,dsa data analysis statistics,1
data analysis machine learning dsa excel,data analysis machine learning dsa,1
api flask machine learning matplotlib,api flask machine learning,1
sql numpy api dsa,sql numpy api,1
statistics dsa api python,statistics dsa api,1
python statistics api excel,python statistics api,1
sql flask api machine learning,sql flask api,1
flask excel pandas power bi,flask excel pandas,1
machine learning matplotlib dsa statistics,machine learning matplotlib dsa,1
pandas dsa excel sql,pandas dsa excel,1
api machine learning statistics pandas,api machine learning statistics,1
api flask dsa matplotlib,api flask dsa,1
dsa numpy machine learning data analysis,dsa numpy machine learning,1
api power bi python matplotlib,api power bi python,1
machine learning dsa statistics api,machine learning dsa statistics,1
data analysis matplotlib flask pandas,data analysis matplotlib flask,1
matplotlib flask sql python,matplotlib flask sql,1
dsa power bi python pandas,dsa power bi python,1
dsa numpy excel pandas,dsa numpy excel,1
numpy flask excel matplotlib,numpy flask excel,1
numpy flask matplotlib api,numpy flask matplotlib,1
pandas flask power bi statistics,pandas flask power bi,1
pandas sql statistics machine learning,pandas sql statistics,1
statistics flask data analysis machine learning,statistics flask data analysis,1
pandas api machine learning python,pandas api machine learning,1
api pandas excel numpy,api pandas excel,1
sql power bi flask excel,sql power bi flask,1
numpy pandas power bi flask,numpy pandas power bi,1
excel flask statistics machine learning,excel flask statistics,1
numpy python power bi api,numpy python power bi,1
pandas numpy sql matplotlib,pandas numpy sql,1
flask numpy api python,flask numpy api,1
machine learning data analysis sql api,machine learning data analysis sql,1
dsa machine learning api statistics,dsa machine learning api,1
statistics sql dsa numpy,statistics sql dsa,1
power bi python statistics dsa,power bi python statistics,1
pandas matplotlib data analysis dsa,pandas matplotlib data analysis,1
matplotlib power bi data analysis python,matplotlib power bi data analysis,1
dsa excel flask power bi,dsa excel flask,1
data analysis machine learning power bi excel,data analysis machine learning power bi,1
dsa statistics numpy matplotlib,dsa statistics numpy,1
flask matplotlib excel machine learning,flask matplotlib excel,1
numpy dsa power bi matplotlib,numpy dsa power bi,1
data analysis matplotlib statistics api,data analysis matplotlib statistics,1
power bi flask matplotlib statistics,power bi flask matplotlib,1
excel statistics pandas machine learning,excel statistics pandas,1
dsa excel api data analysis,dsa excel api,1
api python flask statistics,api python flask,1
api machine learning flask pandas,api machine learning flask,1
matplotlib pandas machine learning statistics,matplotlib pandas machine learning,1
dsa pandas matplotlib numpy,dsa pandas matplotlib,1
api statistics data analysis pandas,api statistics data analysis,1
power bi sql python data analysis,power bi sql python,1
flask pandas dsa data analysis,flask pandas dsa,1
api pandas dsa excel,api pandas dsa,1
sql numpy statistics flask,sql numpy statistics,1
pandas data analysis matplotlib machine learning,pandas data analysis matplotlib,1
sql data analysis pandas flask,sql data analysis pandas,1
pandas sql api numpy,pandas sql api,1
machine learning numpy matplotlib api,machine learning numpy matplotlib,1
pandas sql excel python,pandas sql excel,1
statistics sql numpy flask,statistics sql numpy,1
api python sql matplotlib,api python sql,1
statistics excel pandas dsa,statistics excel pandas,1
power bi numpy machine learning dsa,power bi numpy machine learning,1
python numpy machine learning dsa,python numpy machine learning,1
dsa excel api numpy,dsa excel api,1
power bi pandas python machine learning,power bi pandas python,1
python api dsa data analysis,python api dsa,1
data analysis pandas numpy api,data analysis pandas numpy,1
dsa pandas power bi matplotlib,dsa pandas power bi,1
excel data analysis api pandas,excel data analysis api,1
matplotlib excel dsa statistics,matplotlib excel dsa,1
numpy pandas python flask,numpy pandas python,1
flask dsa machine learning power bi,flask dsa machine learning,1
pandas sql machine learning excel,pandas sql machine learning,1
excel data analysis python machine learning,excel data analysis python,1
api pandas power bi statistics,api pandas power bi,1
excel machine learning pandas matplotlib,excel machine learning pandas,1
sql numpy power bi api,sql numpy power bi,1
flask excel power bi numpy,flask excel power bi,1
power bi numpy machine learning statistics,power bi numpy machine learning,1
dsa machine learning excel flask,dsa machine learning excel,1
machine learning statistics python data analysis,machine learning statistics python,1
statistics power bi sql python,statistics power bi sql,1
machine learning statistics sql numpy,machine learning statistics sql,1
dsa machine learning power bi matplotlib,dsa machine learning power bi,1
power bi pandas python data analysis,power bi pandas python,1
sql dsa python api,sql dsa python,1
statistics matplotlib excel flask,statistics matplotlib excel,1
matplotlib excel api statistics,matplotlib excel api,1
data analysis excel python flask,data analysis excel python,1
machine learning numpy python api,machine learning numpy python,1
flask sql numpy api,flask sql numpy,1
api matplotlib flask machine learning,api matplotlib flask,1
statistics excel dsa power bi,statistics excel dsa,1
pandas excel machine learning api,pandas excel machine learning,1
excel numpy machine learning matplotlib,excel numpy machine learning,1
matplotlib data analysis statistics python,matplotlib data analysis statistics,1
machine learning excel power bi python,machine learning excel power bi,1
data analysis statistics power bi numpy,data analysis statistics power bi,1
matplotlib machine learning sql numpy,matplotlib machine learning sql,1
power bi statistics machine learning excel,power bi statistics machine learning,1
dsa machine learning excel statistics,dsa machine learning excel,1
power bi numpy python flask,power bi numpy python,1
api excel pandas machine learning,api excel pandas,1
sql python flask dsa,sql python flask,1
machine learning api statistics numpy,machine learning api statistics,1
numpy statistics sql python,numpy statistics sql,1
data analysis machine learning numpy power bi,data analysis machine learning numpy,1
flask machine learning python pandas,flask machine learning python,1
pandas statistics sql api,pandas statistics sql,1
machine learning python matplotlib excel,machine learning python matplotlib,1
statistics sql machine learning power bi,statistics sql machine learning,1
api data analysis matplotlib python,api data analysis matplotlib,1
excel api power bi python,excel api power bi,1
dsa numpy machine learning flask,dsa numpy machine learning,1
excel data analysis matplotlib api,excel data analysis matplotlib,1
excel api data analysis statistics,excel api data analysis,1
machine learning statistics python data analysis,machine learning statistics python,1
python api data analysis excel,python api data analysis,1
sql numpy data analysis machine learning,sql numpy data analysis,1
statistics sql api python,statistics sql api,1
matplotlib machine learning statistics power bi,matplotlib machine learning statistics,1
statistics excel sql api,statistics excel sql,1
matplotlib pandas sql python,matplotlib pandas sql,1
matplotlib machine learning python numpy,matplotlib machine learning python,1
machine learning python numpy statistics,machine learning python numpy,1
python machine learning pandas excel,python machine learning pandas,1
dsa pandas python excel,dsa pandas python,1
numpy statistics sql python,numpy statistics sql,1
pandas machine learning power bi sql,pandas machine learning power bi,1
sql machine learning api dsa,sql machine learning api,1
data analysis excel machine learning statistics,data analysis excel machine learning,1
python power bi matplotlib numpy,python power bi matplotlib,1
dsa machine learning pandas python,dsa machine learning pandas,1
python pandas statistics excel,python pandas statistics,1
sql statistics python matplotlib,sql statistics python,1
matplotlib pandas numpy sql,matplotlib pandas numpy,1
statistics excel sql pandas,statistics excel sql,1
numpy matplotlib pandas machine learning,numpy matplotlib pandas,1
dsa python machine learning matplotlib,dsa python machine learning,1
flask pandas matplotlib excel,flask pandas matplotlib,1
matplotlib power bi api statistics,matplotlib power bi api,1
data analysis matplotlib dsa pandas,data analysis matplotlib dsa,1
excel numpy machine learning statistics,excel numpy machine learning,1
power bi pandas data analysis flask,power bi pandas data analysis,1
api data analysis matplotlib power bi,api data analysis matplotlib,1
api machine learning dsa data analysis,api machine learning dsa,1
numpy pandas python dsa,numpy pandas python,1
dsa flask python sql,dsa flask python,1
dsa pandas machine learning excel,dsa pandas machine learning,1
machine learning data analysis pandas excel,machine learning data analysis pandas,1
numpy sql pandas api,numpy sql pandas,1
api python data analysis matplotlib,api python data analysis,1
excel sql dsa pandas,excel sql dsa,1
api power bi machine learning dsa,api power bi machine learning,1
numpy api pandas excel,numpy api pandas,1
matplotlib sql excel python,matplotlib sql excel,1
sql excel statistics data analysis,sql excel statistics,1
power bi matplotlib machine learning data analysis,power bi matplotlib machine learning,1
api flask statistics python,api flask statistics,1
data analysis power bi python numpy,data analysis power bi python,1
matplotlib api power bi excel,matplotlib api power bi,1
numpy dsa python api,numpy dsa python,1
statistics machine learning pandas power bi,statistics machine learning pandas,1
power bi machine learning numpy python,power bi machine learning numpy,1
flask data analysis matplotlib statistics,flask data analysis matplotlib,1
flask numpy excel data analysis,flask numpy excel,1
python machine learning dsa api,python machine learning dsa,1
flask statistics machine learning matplotlib,flask statistics machine learning,1
pandas sql matplotlib power bi,pandas sql matplotlib,1
python pandas numpy excel,python pandas numpy,1
python dsa flask matplotlib,python dsa flask,1
statistics api numpy power bi,statistics api numpy,1
sql numpy data analysis api,sql numpy data analysis,1
pandas excel api sql,pandas excel api,1
api excel data analysis flask,api excel data analysis,1
matplotlib api pandas power bi,matplotlib api pandas,1
excel sql flask api,excel sql flask,1
pandas statistics api sql,pandas statistics api,1
power bi machine learning statistics sql,power bi machine learning statistics,1
data analysis sql dsa python,data analysis sql dsa,1
matplotlib python flask data analysis,matplotlib python flask,1
sql machine learning dsa api,sql machine learning dsa,1
matplotlib pandas python power bi,matplotlib pandas python,1
python matplotlib excel dsa,python matplotlib excel,1
data analysis sql pandas api,data analysis sql pandas,1
pandas sql statistics matplotlib,pandas sql statistics,1
machine learning flask pandas excel,machine learning flask pandas,1
dsa python sql pandas,dsa python sql,1
excel api statistics pandas,excel api statistics,1
api flask dsa python,api flask dsa,1
sql matplotlib machine learning python,sql matplotlib machine learning,1
numpy pandas sql data analysis,numpy pandas sql,1
flask python dsa matplotlib,flask python dsa,1
statistics dsa matplotlib python,statistics dsa matplotlib,1
pandas flask power bi excel,pandas flask power bi,1
flask api data analysis power bi,flask api data analysis,1
python flask excel numpy,python flask excel,1
sql excel python data analysis,sql excel python,1
power bi sql api excel,power bi sql api,1
flask numpy dsa sql,flask numpy dsa,1
numpy pandas data analysis statistics,numpy pandas data analysis,1
flask dsa machine learning statistics,flask dsa machine learning,1
flask dsa machine learning api,flask dsa machine learning,1
numpy pandas statistics dsa,numpy pandas statistics,1
python api excel statistics,python api excel,1
power bi data analysis python api,power bi data analysis python,1
matplotlib flask dsa numpy,matplotlib flask dsa,1
pandas sql machine learning matplotlib,pandas sql machine learning,1
machine learning flask power bi python,machine learning flask power bi,1
dsa pandas power bi matplotlib,dsa pandas power bi,1
python flask power bi excel,python flask power bi,1
api data analysis flask excel,api data analysis flask,1
dsa api statistics python,dsa api statistics,1
flask sql data analysis statistics,flask sql data analysis,1
flask numpy python api,flask numpy python,1
matplotlib flask api dsa,matplotlib flask api,1
sql power bi api flask,sql power bi api,1
machine learning power bi sql data analysis,machine learning power bi sql,1
python matplotlib api dsa,python matplotlib api,1
flask data analysis python sql,flask data analysis python,1
api matplotlib excel data analysis,api matplotlib excel,1
excel statistics dsa power bi,excel statistics dsa,1
pandas power bi statistics python,pandas power bi statistics,1
sql matplotlib dsa power bi,sql matplotlib dsa,1
sql machine learning statistics api,sql machine learning statistics,1
matplotlib data analysis api flask,matplotlib data analysis api,1
sql matplotlib api dsa,sql matplotlib api,1
matplotlib python api power bi,matplotlib python api,1
python numpy pandas matplotlib,python numpy pandas,1
matplotlib excel python flask,matplotlib excel python,1
matplotlib power bi statistics flask,matplotlib power bi statistics,1
matplotlib statistics dsa numpy,matplotlib statistics dsa,1
flask statistics power bi data analysis,flask statistics power bi,1
numpy power bi excel api,numpy power bi excel,1
excel dsa numpy pandas,excel dsa numpy,1
power bi flask matplotlib numpy,power bi flask matplotlib,1
statistics matplotlib flask data analysis,java spring backend developer,0
numpy power bi python flask,java spring backend developer,0
python api power bi dsa,java spring backend developer,0
machine learning statistics matplotlib pandas,java spring backend developer,0
numpy api flask matplotlib,java spring backend developer,0
dsa numpy python pandas,java spring backend developer,0
machine learning excel numpy api,java spring backend developer,0
dsa data analysis statistics flask,java spring backend developer,0
sql api matplotlib data analysis,java spring backend developer,0
dsa power bi statistics python,java spring backend developer,0
machine learning python power bi flask,java spring backend developer,0
matplotlib data analysis excel python,java spring backend developer,0
python api excel power bi,java spring backend developer,0
data analysis flask matplotlib python,java spring backend developer,0
matplotlib machine learning excel numpy,java spring backend developer,0
matplotlib dsa power bi flask,java spring backend developer,0
numpy power bi pandas python,java spring backend developer,0
excel python flask sql,java spring backend developer,0
data analysis power bi matplotlib flask,java spring backend developer,0
matplotlib statistics python machine learning,java spring backend developer,0
data analysis sql pandas flask,java spring backend developer,0
data analysis sql python statistics,java spring backend developer,0
machine learning power bi dsa api,java spring backend developer,0
excel statistics power bi pandas,java spring backend developer,0
pandas machine learning dsa excel,java spring backend developer,0
data analysis python statistics machine learning,java spring backend developer,0
dsa excel flask data analysis,java spring backend developer,0
flask matplotlib statistics machine learning,java spring backend developer,0
power bi flask statistics python,java spring backend developer,0
pandas sql machine learning python,java spring backend developer,0
power bi api dsa machine learning,java spring backend developer,0
matplotlib dsa excel machine learning,java spring backend developer,0
python flask matplotlib data analysis,java spring backend developer,0
power bi flask numpy dsa,java spring backend developer,0
sql excel pandas statistics,java spring backend developer,0
machine learning sql api python,java spring backend developer,0
dsa excel power bi numpy,java spring backend developer,0
python machine learning excel pandas,java spring backend developer,0
dsa api python statistics,java spring backend developer,0
flask python api data analysis,java spring backend developer,0
flask data analysis matplotlib power bi,java spring backend developer,0
data analysis flask matplotlib dsa,java spring backend developer,0
power bi dsa pandas python,java spring backend developer,0
power bi numpy api excel,java spring backend developer,0
power bi python statistics matplotlib,java spring backend developer,0
api numpy excel statistics,java spring backend developer,0
power bi machine learning flask statistics,java spring backend developer,0
sql matplotlib pandas statistics,java spring backend developer,0
api data analysis python numpy,java spring backend developer,0
flask statistics pandas data analysis,java spring backend developer,0
dsa statistics api power bi,java spring backend developer,0
sql flask dsa numpy,java spring backend developer,0
dsa numpy data analysis machine learning,java spring backend developer,0
numpy api machine learning data analysis,java spring backend developer,0
pandas data analysis dsa matplotlib,java spring backend developer,0
machine learning dsa flask power bi,java spring backend developer,0
machine learning numpy statistics python,java spring backend developer,0
power bi dsa api flask,java spring backend developer,0
pandas numpy machine learning python,java spring backend developer,0
excel power bi flask matplotlib,java spring backend developer,0
flask sql power bi statistics,java spring backend developer,0
data analysis statistics api power bi,java spring backend developer,0
sql matplotlib flask numpy,java spring backend developer,0
data analysis power bi sql api,java spring backend developer,0
statistics dsa excel flask,java spring backend developer,0
sql excel statistics matplotlib,java spring backend developer,0
flask power bi pandas api,java spring backend developer,0
power bi python statistics sql,java spring backend developer,0
flask python machine learning pandas,java spring backend developer,0
pandas flask power bi matplotlib,java spring backend developer,0
python sql statistics data analysis,java spring backend developer,0
machine learning power bi flask excel,java spring backend developer,0
api matplotlib excel dsa,java spring backend developer,0
statistics matplotlib excel dsa,java spring backend developer,0
machine learning power bi matplotlib numpy,java spring backend developer,0
excel numpy sql api,java spring backend developer,0
dsa python excel machine learning,java spring backend developer,0
dsa machine learning flask sql,java spring backend developer,0
pandas dsa flask machine learning,java spring backend developer,0
sql excel dsa numpy,java spring backend developer,0
sql flask excel pandas,java spring backend developer,0
excel power bi matplotlib pandas,java spring backend developer,0
matplotlib data analysis power bi flask,java spring backend developer,0
machine learning pandas python excel,java spring backend developer,0
statistics data analysis matplotlib numpy,java spring backend developer,0
data analysis dsa matplotlib statistics,java spring backend developer,0
power bi pandas machine learning excel,java spring backend developer,0
matplotlib flask machine learning data analysis,java spring backend developer,0
excel statistics data analysis matplotlib,java spring backend developer,0
power bi pandas api sql,java spring backend developer,0
excel sql numpy flask,java spring backend developer,0
data analysis statistics dsa sql,java spring backend developer,0
api sql data analysis matplotlib,java spring backend developer,0
statistics power bi flask pandas,java spring backend developer,0
power bi flask dsa api,java spring backend developer,0
excel flask api python,java spring backend developer,0
data analysis api statistics python,java spring backend developer,0
pandas data analysis api dsa,java spring backend developer,0
python power bi dsa data analysis,java spring backend developer,0
excel pandas statistics dsa,java spring backend developer,0
numpy power bi data analysis statistics,java spring backend developer,0
statistics excel python machine learning,java spring backend developer,0
pandas api excel statistics,java spring backend developer,0
data analysis api matplotlib python,java spring backend developer,0
data analysis python api pandas,java spring backend developer,0
api numpy statistics dsa,java spring backend developer,0
data analysis power bi flask statistics,java spring backend developer,0
power bi flask python data analysis,java spring backend developer,0
api matplotlib dsa machine learning,java spring backend developer,0
power bi excel api sql,java spring backend developer,0
machine learning python flask power bi,java spring backend developer,0
excel matplotlib pandas dsa,java spring backend developer,0
excel pandas machine learning numpy,java spring backend developer,0
data analysis matplotlib power bi flask,java spring backend developer,0
matplotlib pandas power bi python,java spring backend developer,0
flask excel dsa python,java spring backend developer,0
api numpy statistics pandas,java spring backend developer,0
excel numpy dsa api,java spring backend developer,0
dsa power bi sql pandas,java spring backend developer,0
machine learning excel numpy dsa,java spring backend developer,0
data analysis excel machine learning api,java spring backend developer,0
python sql pandas data analysis,java spring backend developer,0
matplotlib api sql excel,java spring backend developer,0
api flask power bi data analysis,java spring backend developer,0
numpy api data analysis excel,java spring backend developer,0
numpy flask dsa excel,java spring backend developer,0
statistics python pandas sql,java spring backend developer,0
statistics matplotlib sql power bi,java spring backend developer,0
matplotlib flask numpy power bi,java spring backend developer,0
data analysis matplotlib dsa api,java spring backend developer,0
excel matplotlib data analysis dsa,java spring backend developer,0
matplotlib api data analysis python,java spring backend developer,0
dsa sql power bi flask,java spring backend developer,0
machine learning sql numpy statistics,java spring backend developer,0
machine learning python flask data analysis,java spring backend developer,0
numpy excel dsa pandas,java spring backend developer,0
statistics api matplotlib flask,java spring backend developer,0
python machine learning data analysis pandas,java spring backend developer,0
power bi data analysis excel matplotlib,java spring backend developer,0
power bi data analysis excel machine learning,java spring backend developer,0
matplotlib excel data analysis api,java spring backend developer,0
pandas api statistics numpy,java spring backend developer,0
excel matplotlib numpy flask,java spring backend developer,0
power bi excel api pandas,java spring backend developer,0
numpy api machine learning dsa,java spring backend developer,0
power bi dsa machine learning api,java spring backend developer,0
statistics power bi sql excel,java spring backend developer,0
matplotlib data analysis dsa excel,java spring backend developer,0
numpy pandas dsa excel,java spring backend developer,0
excel api numpy flask,java spring backend developer,0
statistics flask excel numpy,java spring backend developer,0
statistics dsa excel machine learning,java spring backend developer,0
power bi dsa numpy data analysis,java spring backend developer,0
machine learning flask python pandas,java spring backend developer,0
flask dsa python pandas,java spring backend developer,0
dsa excel power bi api,java spring backend developer,0
data analysis pandas api machine learning,java spring backend developer,0
machine learning api matplotlib statistics,java spring backend developer,0
flask power bi dsa api,java spring backend developer,0
power bi machine learning sql api,java spring backend developer,0
dsa statistics excel api,java spring backend developer,0
power bi dsa machine learning pandas,java spring backend developer,0
machine learning python statistics flask,java spring backend developer,0
data analysis excel power bi dsa,java spring backend developer,0
excel flask matplotlib api,java spring backend developer,0
matplotlib statistics numpy sql,java spring backend developer,0
power bi pandas matplotlib flask,java spring backend developer,0
statistics data analysis flask sql,java spring backend developer,0
python dsa power bi excel,java spring backend developer,0
dsa excel power bi machine learning,java spring backend developer,0
sql machine learning numpy dsa,java spring backend developer,0
dsa numpy power bi api,java spring backend developer,0
excel power bi api dsa,java spring backend developer,0
sql flask numpy python,java spring backend developer,0
api excel data analysis flask,java spring backend developer,0
flask api python numpy,java spring backend developer,0
flask data analysis matplotlib python,java spring backend developer,0
sql excel pandas api,java spring backend developer,0
statistics dsa python data analysis,java spring backend developer,0
dsa power bi statistics excel,java spring backend developer,0
api pandas python data analysis,java spring backend developer,0
excel numpy data analysis python,java spring backend developer,0
statistics matplotlib flask excel,java spring backend developer,0
numpy sql statistics excel,java spring backend developer,0
pandas machine learning data analysis power bi,java spring backend developer,0
statistics power bi data analysis matplotlib,java spring backend developer,0
power bi matplotlib pandas api,java spring backend developer,0
api numpy dsa python,java spring backend developer,0
numpy data analysis power bi api,java spring backend developer,0
api power bi dsa flask,java spring backend developer,0
matplotlib data analysis api flask,java spring backend developer,0
data analysis machine learning sql statistics,java spring backend developer,0
flask api machine learning sql,java spring backend developer,0
statistics excel pandas data analysis,java spring backend developer,0
flask data analysis numpy dsa,java spring backend developer,0
data analysis statistics matplotlib python,java spring backend developer,0
flask machine learning python pandas,java spring backend developer,0
excel flask machine learning power bi,java spring backend developer,0
data analysis excel statistics flask,java spring backend developer,0
numpy data analysis excel sql,java spring backend developer,0
statistics data analysis power bi matplotlib,java spring backend developer,0
dsa sql power bi flask,java spring backend developer,0
flask pandas excel numpy,java spring backend developer,0
matplotlib numpy api sql,java spring backend developer,0
excel numpy python statistics,java spring backend developer,0
data analysis matplotlib pandas dsa,java spring backend developer,0
machine learning excel power bi numpy,java spring backend developer,0
dsa machine learning sql flask,java spring backend developer,0
machine learning python flask pandas,java spring backend developer,0
matplotlib dsa pandas sql,java spring backend developer,0
excel api pandas sql,java spring backend developer,0
api numpy statistics sql,java spring backend developer,0
statistics power bi machine learning data analysis,java spring backend developer,0
sql data analysis power bi pandas,java spring backend developer,0
excel matplotlib flask data analysis,java spring backend developer,0
power bi excel numpy dsa,java spring backend developer,0
matplotlib dsa data analysis flask,java spring backend developer,0
dsa python numpy excel,java spring backend developer,0
data analysis power bi dsa statistics,java spring backend developer,0
machine learning excel power bi statistics,java spring backend developer,0
pandas sql dsa data analysis,java spring backend developer,0
excel power bi sql statistics,java spring backend developer,0
sql flask power bi python,java spring backend developer,0
dsa api matplotlib python,java spring backend developer,0
python pandas statistics flask,java spring backend developer,0
python data analysis flask api,java spring backend developer,0
matplotlib numpy power bi flask,java spring backend developer,0
matplotlib dsa excel pandas,java spring backend developer,0
python machine learning dsa excel,java spring backend developer,0
dsa flask api data analysis,java spring backend developer,0
power bi data analysis pandas numpy,java spring backend developer,0
dsa power bi pandas statistics,java spring backend developer,0
statistics data analysis sql flask,java spring backend developer,0
pandas statistics machine learning data analysis,java spring backend developer,0
numpy sql data analysis api,java spring backend developer,0
statistics dsa data analysis excel,java spring backend developer,0
api statistics excel numpy,java spring backend developer,0
power bi flask dsa excel,java spring backend developer,0
matplotlib data analysis dsa api,java spring backend developer,0
flask statistics pandas numpy,java spring backend developer,0
power bi machine learning numpy python,java spring backend developer,0
matplotlib power bi flask pandas,java spring backend developer,0
matplotlib power bi python api,java spring backend developer,0
power bi dsa flask excel,java spring backend developer,0
python dsa pandas power bi,java spring backend developer,0
data analysis excel machine learning flask,java spring backend developer,0
sql matplotlib dsa flask,java spring backend developer,0
python power bi sql data analysis,java spring backend developer,0
flask numpy machine learning api,java spring backend developer,0
excel pandas machine learning matplotlib,java spring backend developer,0
